{"nm":"size","ddd":0,"h":200,"w":300,"meta":{"g":"LottieFiles AE "},"layers":[{"ty":4,"nm":"10","sr":1,"st":0,"op":3600,"ip":0,"hd":false,"ddd":0,"bm":0,"hasMask":false,"ao":0,"ks":{"a":{"a":0,"k":[664.751,87.238,0],"ix":1},"s":{"a":0,"k":[100,100,100],"ix":6},"sk":{"a":0,"k":0},"p":{"a":1,"k":[{"o":{"x":0.167,"y":0.167},"i":{"x":0.833,"y":0.833},"s":[664.751,112.762,0],"t":0,"ti":[163.833,0,0],"to":[-163.833,0,0]},{"s":[-318.249,112.762,0],"t":540}],"ix":2},"r":{"a":0,"k":0,"ix":10},"sa":{"a":0,"k":0},"o":{"a":0,"k":10,"ix":11}},"ef":[],"shapes":[{"ty":"gr","bm":0,"hd":false,"mn":"ADBE Vector Group","nm":"10 Stroke","ix":1,"cix":2,"np":3,"it":[{"ty":"sh","bm":0,"hd":false,"mn":"ADBE Vector Shape - Group","nm":"Path 1","ix":1,"d":1,"ks":{"a":0,"k":{"c":true,"i":[[0,0],[-70.515,-3.99],[-13.726,2.961],[-81.782,-7.481],[-56.562,4.843],[-49.933,-0.171],[-70.515,-3.99],[-13.726,2.961],[0,0],[0,0],[0,0]],"o":[[47.1,0],[70.515,3.99],[13.726,-2.961],[76.994,7.043],[56.562,-4.843],[47.1,0],[70.515,3.99],[0,0],[0,0],[0,0],[0,0]],"v":[[0,0.622],[175.75,23.257],[344.502,14.958],[523.176,1.833],[768.5,17.476],[985,0.622],[1160.75,23.257],[1329.502,14.958],[1329.502,174.476],[985,174.476],[0,174.476]]},"ix":2}},{"ty":"op","bm":0,"hd":false,"mn":"ADBE Vector Filter - Offset","nm":"Offset Paths 1","ix":3,"a":{"a":0,"k":-0.5,"ix":1},"lj":1,"ml":{"a":0,"k":4,"ix":3}},{"ty":"tr","a":{"a":0,"k":[0,0],"ix":1},"s":{"a":0,"k":[100,100],"ix":3},"sk":{"a":0,"k":0,"ix":4},"p":{"a":0,"k":[0,0],"ix":2},"r":{"a":0,"k":0,"ix":6},"sa":{"a":0,"k":0,"ix":5},"o":{"a":0,"k":100,"ix":7}}]},{"ty":"gr","bm":0,"hd":false,"mn":"ADBE Vector Group","nm":"10 Fill","ix":2,"cix":2,"np":2,"it":[{"ty":"sh","bm":0,"hd":false,"mn":"ADBE Vector Shape - Group","nm":"Path 1","ix":1,"d":1,"ks":{"a":0,"k":{"c":true,"i":[[0,0],[-70.515,-3.99],[-13.726,2.961],[-81.782,-7.481],[-56.562,4.843],[-49.933,-0.171],[-70.515,-3.99],[-13.726,2.961],[0,0],[0,0],[0,0]],"o":[[47.1,0],[70.515,3.99],[13.726,-2.961],[76.994,7.043],[56.562,-4.843],[47.1,0],[70.515,3.99],[0,0],[0,0],[0,0],[0,0]],"v":[[0,0.622],[175.75,23.257],[344.502,14.958],[523.176,1.833],[768.5,17.476],[985,0.622],[1160.75,23.257],[1329.502,14.958],[1329.502,174.476],[985,174.476],[0,174.476]]},"ix":2}},{"ty":"fl","bm":0,"hd":false,"mn":"ADBE Vector Graphic - Fill","nm":"Fill 1","c":{"a":0,"k":[0.5019607843137255,0.9294117647058824,0.6,1],"ix":4},"r":1,"o":{"a":0,"k":100,"ix":5}},{"ty":"tr","a":{"a":0,"k":[0,0],"ix":1},"s":{"a":0,"k":[100,100],"ix":3},"sk":{"a":0,"k":0,"ix":4},"p":{"a":0,"k":[0,0],"ix":2},"r":{"a":0,"k":0,"ix":6},"sa":{"a":0,"k":0,"ix":5},"o":{"a":0,"k":100,"ix":7}}]}],"ind":1},{"ty":4,"nm":"20","sr":1,"st":0,"op":3600,"ip":0,"hd":false,"ddd":0,"bm":0,"hasMask":false,"ao":0,"ks":{"a":{"a":0,"k":[753.25,95.924,0],"ix":1},"s":{"a":0,"k":[100,100,100],"ix":6},"sk":{"a":0,"k":0},"p":{"a":1,"k":[{"o":{"x":0.167,"y":0.167},"i":{"x":0.833,"y":0.833},"s":[753.25,104.076,0],"t":0,"ti":[176,0,0],"to":[-176,0,0]},{"s":[-302.75,104.076,0],"t":540}],"ix":2},"r":{"a":0,"k":0,"ix":10},"sa":{"a":0,"k":0},"o":{"a":0,"k":20,"ix":11}},"ef":[],"shapes":[{"ty":"gr","bm":0,"hd":false,"mn":"ADBE Vector Group","nm":"20 Stroke","ix":1,"cix":2,"np":3,"it":[{"ty":"sh","bm":0,"hd":false,"mn":"ADBE Vector Shape - Group","nm":"Path 1","ix":1,"d":1,"ks":{"a":0,"k":{"c":true,"i":[[0,0],[-96.217,3.996],[-77,-7],[-115.742,23.884],[-127.653,0],[-96.217,3.996],[-77,-7],[0,0],[0,0],[0,0]],"o":[[86.317,0],[96.217,-3.996],[77,7],[157.672,-32.537],[86.317,0],[96.217,-3.996],[0,0],[0,0],[0,0],[0,0]],"v":[[0,7.368],[191,17.746],[453.5,21.848],[748.654,17.746],[1053,7.368],[1244,17.746],[1506.5,21.848],[1506.5,191.848],[1053,191.848],[0,191.848]]},"ix":2}},{"ty":"op","bm":0,"hd":false,"mn":"ADBE Vector Filter - Offset","nm":"Offset Paths 1","ix":3,"a":{"a":0,"k":-0.5,"ix":1},"lj":1,"ml":{"a":0,"k":4,"ix":3}},{"ty":"tr","a":{"a":0,"k":[0,0],"ix":1},"s":{"a":0,"k":[100,100],"ix":3},"sk":{"a":0,"k":0,"ix":4},"p":{"a":0,"k":[0,0],"ix":2},"r":{"a":0,"k":0,"ix":6},"sa":{"a":0,"k":0,"ix":5},"o":{"a":0,"k":100,"ix":7}}]},{"ty":"gr","bm":0,"hd":false,"mn":"ADBE Vector Group","nm":"20 Fill","ix":2,"cix":2,"np":2,"it":[{"ty":"sh","bm":0,"hd":false,"mn":"ADBE Vector Shape - Group","nm":"Path 1","ix":1,"d":1,"ks":{"a":0,"k":{"c":true,"i":[[0,0],[-96.217,3.996],[-77,-7],[-115.742,23.884],[-127.653,0],[-96.217,3.996],[-77,-7],[0,0],[0,0],[0,0]],"o":[[86.317,0],[96.217,-3.996],[77,7],[157.672,-32.537],[86.317,0],[96.217,-3.996],[0,0],[0,0],[0,0],[0,0]],"v":[[0,7.368],[191,17.746],[453.5,21.848],[748.654,17.746],[1053,7.368],[1244,17.746],[1506.5,21.848],[1506.5,191.848],[1053,191.848],[0,191.848]]},"ix":2}},{"ty":"fl","bm":0,"hd":false,"mn":"ADBE Vector Graphic - Fill","nm":"Fill 1","c":{"a":0,"k":[0.5019607843137255,0.9294117647058824,0.6,1],"ix":4},"r":1,"o":{"a":0,"k":100,"ix":5}},{"ty":"tr","a":{"a":0,"k":[0,0],"ix":1},"s":{"a":0,"k":[100,100],"ix":3},"sk":{"a":0,"k":0,"ix":4},"p":{"a":0,"k":[0,0],"ix":2},"r":{"a":0,"k":0,"ix":6},"sa":{"a":0,"k":0,"ix":5},"o":{"a":0,"k":100,"ix":7}}]}],"ind":2},{"ty":4,"nm":"40","sr":1,"st":0,"op":3600,"ip":0,"hd":false,"ddd":0,"bm":0,"hasMask":false,"ao":0,"ks":{"a":{"a":0,"k":[743.5,99.999,0],"ix":1},"s":{"a":0,"k":[100,100,100],"ix":6},"sk":{"a":0,"k":0},"p":{"a":1,"k":[{"o":{"x":0.167,"y":0.167},"i":{"x":0.833,"y":0.833},"s":[743.5,100.001,0],"t":0,"ti":[192.833,0,0],"to":[-192.833,0,0]},{"s":[-413.5,100.001,0],"t":540}],"ix":2},"r":{"a":0,"k":0,"ix":10},"sa":{"a":0,"k":0},"o":{"a":0,"k":40,"ix":11}},"ef":[],"shapes":[{"ty":"gr","bm":0,"hd":false,"mn":"ADBE Vector Group","nm":"40 Stroke","ix":1,"cix":2,"np":3,"it":[{"ty":"sh","bm":0,"hd":false,"mn":"ADBE Vector Shape - Group","nm":"Path 1","ix":1,"d":1,"ks":{"a":0,"k":{"c":true,"i":[[0,0],[-161.5,-16.5],[-119.5,17.5],[-70.779,0],[-161.5,-16.5],[0,0],[0,0],[0,0]],"o":[[133,4.498],[161.5,16.5],[119.5,-17.5],[133,4.498],[0,0],[0,0],[0,0],[0,0]],"v":[[0,0],[332,44.498],[841.5,36.998],[1155,0],[1487,44.498],[1487,199.998],[1155,199.998],[0,199.998]]},"ix":2}},{"ty":"op","bm":0,"hd":false,"mn":"ADBE Vector Filter - Offset","nm":"Offset Paths 1","ix":3,"a":{"a":0,"k":-0.5,"ix":1},"lj":1,"ml":{"a":0,"k":4,"ix":3}},{"ty":"tr","a":{"a":0,"k":[0,0],"ix":1},"s":{"a":0,"k":[100,100],"ix":3},"sk":{"a":0,"k":0,"ix":4},"p":{"a":0,"k":[0,0],"ix":2},"r":{"a":0,"k":0,"ix":6},"sa":{"a":0,"k":0,"ix":5},"o":{"a":0,"k":100,"ix":7}}]},{"ty":"gr","bm":0,"hd":false,"mn":"ADBE Vector Group","nm":"40 Fill","ix":2,"cix":2,"np":2,"it":[{"ty":"sh","bm":0,"hd":false,"mn":"ADBE Vector Shape - Group","nm":"Path 1","ix":1,"d":1,"ks":{"a":0,"k":{"c":true,"i":[[0,0],[-161.5,-16.5],[-119.5,17.5],[-70.779,0],[-161.5,-16.5],[0,0],[0,0],[0,0]],"o":[[133,4.498],[161.5,16.5],[119.5,-17.5],[133,4.498],[0,0],[0,0],[0,0],[0,0]],"v":[[0,0],[332,44.498],[841.5,36.998],[1155,0],[1487,44.498],[1487,199.998],[1155,199.998],[0,199.998]]},"ix":2}},{"ty":"fl","bm":0,"hd":false,"mn":"ADBE Vector Graphic - Fill","nm":"Fill 1","c":{"a":0,"k":[0.5019607843137255,0.9294117647058824,0.6,1],"ix":4},"r":1,"o":{"a":0,"k":100,"ix":5}},{"ty":"tr","a":{"a":0,"k":[0,0],"ix":1},"s":{"a":0,"k":[100,100],"ix":3},"sk":{"a":0,"k":0,"ix":4},"p":{"a":0,"k":[0,0],"ix":2},"r":{"a":0,"k":0,"ix":6},"sa":{"a":0,"k":0,"ix":5},"o":{"a":0,"k":100,"ix":7}}]}],"ind":3}],"v":"4.8.0","fr":60,"op":540,"ip":0,"assets":[]}