{
  "nm": "Comp 1",
  "ddd": 0,
  "h": 1080,
  "w": 1080,
  "meta": {
    "g": "LottieFiles AE "
  },
  "layers": [
    {
      "ty": 4,
      "nm": "Shape Layer 1",
      "sr": 1,
      "st": 0,
      "op": 184,
      "ip": 0,
      "hd": false,
      "ddd": 0,
      "bm": 0,
      "hasMask": false,
      "ao": 0,
      "ks": {
        "a": {
          "a": 0,
          "k": [
            19,
            -13,
            0
          ],
          "ix": 1
        },
        "s": {
          "a": 1,
          "k": [
            {
              "o": {
                "x": 0.333,
                "y": 0
              },
              "i": {
                "x": 0.667,
                "y": 1
              },
              "s": [
                100,
                100,
                100
              ],
              "t": 0
            },
            {
              "o": {
                "x": 0.333,
                "y": 0
              },
              "i": {
                "x": 0.667,
                "y": 1
              },
              "s": [
                92,
                92,
                100
              ],
              "t": 30
            },
            {
              "o": {
                "x": 0.333,
                "y": 0
              },
              "i": {
                "x": 0.667,
                "y": 1
              },
              "s": [
                100,
                100,
                100
              ],
              "t": 60
            },
            {
              "o": {
                "x": 0.333,
                "y": 0
              },
              "i": {
                "x": 0.667,
                "y": 1
              },
              "s": [
                100,
                100,
                100
              ],
              "t": 92
            },
            {
              "o": {
                "x": 0.333,
                "y": 0
              },
              "i": {
                "x": 0.667,
                "y": 1
              },
              "s": [
                92,
                92,
                100
              ],
              "t": 122
            },
            {
              "s": [
                100,
                100,
                100
              ],
              "t": 152
            }
          ],
          "ix": 6
        },
        "sk": {
          "a": 0,
          "k": 0
        },
        "p": {
          "a": 0,
          "k": [
            540,
            540,
            0
          ],
          "ix": 2
        },
        "r": {
          "a": 1,
          "k": [
            {
              "o": {
                "x": 0.533,
                "y": 0
              },
              "i": {
                "x": 0.513,
                "y": 1
              },
              "s": [
                90
              ],
              "t": 0
            },
            {
              "o": {
                "x": 0.198,
                "y": 0
              },
              "i": {
                "x": 0.562,
                "y": 1
              },
              "s": [
                -90
              ],
              "t": 60
            },
            {
              "o": {
                "x": 0.348,
                "y": 0
              },
              "i": {
                "x": 0.415,
                "y": 1
              },
              "s": [
                -90
              ],
              "t": 92
            },
            {
              "s": [
                -270
              ],
              "t": 152
            }
          ],
          "ix": 10
        },
        "sa": {
          "a": 0,
          "k": 0
        },
        "o": {
          "a": 0,
          "k": 100,
          "ix": 11
        }
      },
      "ef": [],
      "shapes": [
        {
          "ty": "gr",
          "bm": 0,
          "hd": false,
          "mn": "ADBE Vector Group",
          "nm": "Group 1",
          "ix": 1,
          "cix": 2,
          "np": 4,
          "it": [
            {
              "ty": "gr",
              "bm": 0,
              "hd": false,
              "mn": "ADBE Vector Group",
              "nm": "Shape 2",
              "ix": 1,
              "cix": 2,
              "np": 3,
              "it": [
                {
                  "ty": "sh",
                  "bm": 0,
                  "hd": false,
                  "mn": "ADBE Vector Shape - Group",
                  "nm": "Path 1",
                  "ix": 1,
                  "d": 1,
                  "ks": {
                    "a": 0,
                    "k": {
                      "c": false,
                      "i": [
                        [
                          0,
                          0
                        ],
                        [
                          0,
                          0
                        ],
                        [
                          0,
                          0
                        ]
                      ],
                      "o": [
                        [
                          0,
                          0
                        ],
                        [
                          0,
                          0
                        ],
                        [
                          0,
                          0
                        ]
                      ],
                      "v": [
                        [
                          -7,
                          362.5
                        ],
                        [
                          58.5,
                          297
                        ],
                        [
                          -6.967,
                          231.454
                        ]
                      ]
                    },
                    "ix": 2
                  }
                },
                {
                  "ty": "st",
                  "bm": 0,
                  "hd": false,
                  "mn": "ADBE Vector Graphic - Stroke",
                  "nm": "Stroke 1",
                  "lc": 1,
                  "lj": 1,
                  "ml": 4,
                  "o": {
                    "a": 0,
                    "k": 100,
                    "ix": 4
                  },
                  "w": {
                    "a": 0,
                    "k": 34,
                    "ix": 5
                  },
                  "c": {
                    "a": 0,
                    "k": [
                      1,
                      1,
                      1
                    ],
                    "ix": 3
                  }
                },
                {
                  "ty": "tr",
                  "a": {
                    "a": 0,
                    "k": [
                      26.057,
                      299.977
                    ],
                    "ix": 1
                  },
                  "s": {
                    "a": 0,
                    "k": [
                      100,
                      100
                    ],
                    "ix": 3
                  },
                  "sk": {
                    "a": 0,
                    "k": 0,
                    "ix": 4
                  },
                  "p": {
                    "a": 0,
                    "k": [
                      45.711,
                      -341.977
                    ],
                    "ix": 2
                  },
                  "r": {
                    "a": 0,
                    "k": 190,
                    "ix": 6
                  },
                  "sa": {
                    "a": 0,
                    "k": 0,
                    "ix": 5
                  },
                  "o": {
                    "a": 0,
                    "k": 100,
                    "ix": 7
                  }
                }
              ]
            },
            {
              "ty": "gr",
              "bm": 0,
              "hd": false,
              "mn": "ADBE Vector Group",
              "nm": "Shape 1",
              "ix": 2,
              "cix": 2,
              "np": 3,
              "it": [
                {
                  "ty": "sh",
                  "bm": 0,
                  "hd": false,
                  "mn": "ADBE Vector Shape - Group",
                  "nm": "Path 1",
                  "ix": 1,
                  "d": 1,
                  "ks": {
                    "a": 0,
                    "k": {
                      "c": false,
                      "i": [
                        [
                          0,
                          0
                        ],
                        [
                          0,
                          0
                        ],
                        [
                          19.833,
                          19.833
                        ]
                      ],
                      "o": [
                        [
                          0,
                          0
                        ],
                        [
                          0,
                          0
                        ],
                        [
                          0,
                          0
                        ]
                      ],
                      "v": [
                        [
                          -7,
                          362.5
                        ],
                        [
                          58.5,
                          297
                        ],
                        [
                          -7.605,
                          230.975
                        ]
                      ]
                    },
                    "ix": 2
                  }
                },
                {
                  "ty": "st",
                  "bm": 0,
                  "hd": false,
                  "mn": "ADBE Vector Graphic - Stroke",
                  "nm": "Stroke 1",
                  "lc": 1,
                  "lj": 1,
                  "ml": 4,
                  "o": {
                    "a": 0,
                    "k": 100,
                    "ix": 4
                  },
                  "w": {
                    "a": 0,
                    "k": 34,
                    "ix": 5
                  },
                  "c": {
                    "a": 0,
                    "k": [
                      1,
                      1,
                      1
                    ],
                    "ix": 3
                  }
                },
                {
                  "ty": "tr",
                  "a": {
                    "a": 0,
                    "k": [
                      57.719,
                      297.397
                    ],
                    "ix": 1
                  },
                  "s": {
                    "a": 0,
                    "k": [
                      100,
                      100
                    ],
                    "ix": 3
                  },
                  "sk": {
                    "a": 0,
                    "k": 0,
                    "ix": 4
                  },
                  "p": {
                    "a": 0,
                    "k": [
                      29.52,
                      315.359
                    ],
                    "ix": 2
                  },
                  "r": {
                    "a": 0,
                    "k": 2,
                    "ix": 6
                  },
                  "sa": {
                    "a": 0,
                    "k": 0,
                    "ix": 5
                  },
                  "o": {
                    "a": 0,
                    "k": 100,
                    "ix": 7
                  }
                }
              ]
            },
            {
              "ty": "gr",
              "bm": 0,
              "hd": false,
              "mn": "ADBE Vector Group",
              "nm": "Ellipse 3",
              "ix": 3,
              "cix": 2,
              "np": 4,
              "it": [
                {
                  "ty": "el",
                  "bm": 0,
                  "hd": false,
                  "mn": "ADBE Vector Shape - Ellipse",
                  "nm": "Ellipse Path 1",
                  "d": 1,
                  "p": {
                    "a": 0,
                    "k": [
                      0,
                      0
                    ],
                    "ix": 3
                  },
                  "s": {
                    "a": 0,
                    "k": [
                      654,
                      654
                    ],
                    "ix": 2
                  }
                },
                {
                  "ty": "tm",
                  "bm": 0,
                  "hd": false,
                  "mn": "ADBE Vector Filter - Trim",
                  "nm": "Trim Paths 1",
                  "ix": 2,
                  "e": {
                    "a": 0,
                    "k": 42,
                    "ix": 2
                  },
                  "o": {
                    "a": 0,
                    "k": 0,
                    "ix": 3
                  },
                  "s": {
                    "a": 0,
                    "k": 0,
                    "ix": 1
                  },
                  "m": 1
                },
                {
                  "ty": "st",
                  "bm": 0,
                  "hd": false,
                  "mn": "ADBE Vector Graphic - Stroke",
                  "nm": "Stroke 1",
                  "lc": 1,
                  "lj": 1,
                  "ml": 4,
                  "o": {
                    "a": 0,
                    "k": 100,
                    "ix": 4
                  },
                  "w": {
                    "a": 0,
                    "k": 34,
                    "ix": 5
                  },
                  "c": {
                    "a": 0,
                    "k": [
                      1,
                      1,
                      1
                    ],
                    "ix": 3
                  }
                },
                {
                  "ty": "tr",
                  "a": {
                    "a": 0,
                    "k": [
                      -11.174,
                      -322.943
                    ],
                    "ix": 1
                  },
                  "s": {
                    "a": 0,
                    "k": [
                      100,
                      100
                    ],
                    "ix": 3
                  },
                  "sk": {
                    "a": 0,
                    "k": 0,
                    "ix": 4
                  },
                  "p": {
                    "a": 0,
                    "k": [
                      30.174,
                      309.943
                    ],
                    "ix": 2
                  },
                  "r": {
                    "a": 0,
                    "k": 180,
                    "ix": 6
                  },
                  "sa": {
                    "a": 0,
                    "k": 0,
                    "ix": 5
                  },
                  "o": {
                    "a": 0,
                    "k": 100,
                    "ix": 7
                  }
                }
              ]
            },
            {
              "ty": "gr",
              "bm": 0,
              "hd": false,
              "mn": "ADBE Vector Group",
              "nm": "Ellipse 2",
              "ix": 4,
              "cix": 2,
              "np": 4,
              "it": [
                {
                  "ty": "el",
                  "bm": 0,
                  "hd": false,
                  "mn": "ADBE Vector Shape - Ellipse",
                  "nm": "Ellipse Path 1",
                  "d": 1,
                  "p": {
                    "a": 0,
                    "k": [
                      0,
                      0
                    ],
                    "ix": 3
                  },
                  "s": {
                    "a": 0,
                    "k": [
                      654,
                      654
                    ],
                    "ix": 2
                  }
                },
                {
                  "ty": "tm",
                  "bm": 0,
                  "hd": false,
                  "mn": "ADBE Vector Filter - Trim",
                  "nm": "Trim Paths 1",
                  "ix": 2,
                  "e": {
                    "a": 0,
                    "k": 42,
                    "ix": 2
                  },
                  "o": {
                    "a": 0,
                    "k": 0,
                    "ix": 3
                  },
                  "s": {
                    "a": 0,
                    "k": 0,
                    "ix": 1
                  },
                  "m": 1
                },
                {
                  "ty": "st",
                  "bm": 0,
                  "hd": false,
                  "mn": "ADBE Vector Graphic - Stroke",
                  "nm": "Stroke 1",
                  "lc": 1,
                  "lj": 1,
                  "ml": 4,
                  "o": {
                    "a": 0,
                    "k": 100,
                    "ix": 4
                  },
                  "w": {
                    "a": 0,
                    "k": 34,
                    "ix": 5
                  },
                  "c": {
                    "a": 0,
                    "k": [
                      1,
                      1,
                      1
                    ],
                    "ix": 3
                  }
                },
                {
                  "ty": "tr",
                  "a": {
                    "a": 0,
                    "k": [
                      0,
                      0
                    ],
                    "ix": 1
                  },
                  "s": {
                    "a": 0,
                    "k": [
                      100,
                      100
                    ],
                    "ix": 3
                  },
                  "sk": {
                    "a": 0,
                    "k": 0,
                    "ix": 4
                  },
                  "p": {
                    "a": 0,
                    "k": [
                      19,
                      -13
                    ],
                    "ix": 2
                  },
                  "r": {
                    "a": 0,
                    "k": 3,
                    "ix": 6
                  },
                  "sa": {
                    "a": 0,
                    "k": 0,
                    "ix": 5
                  },
                  "o": {
                    "a": 0,
                    "k": 100,
                    "ix": 7
                  }
                }
              ]
            },
            {
              "ty": "tr",
              "a": {
                "a": 0,
                "k": [
                  19,
                  -13.75
                ],
                "ix": 1
              },
              "s": {
                "a": 0,
                "k": [
                  98.489,
                  98.489
                ],
                "ix": 3
              },
              "sk": {
                "a": 0,
                "k": 0,
                "ix": 4
              },
              "p": {
                "a": 0,
                "k": [
                  19,
                  -13.75
                ],
                "ix": 2
              },
              "r": {
                "a": 0,
                "k": 0,
                "ix": 6
              },
              "sa": {
                "a": 0,
                "k": 0,
                "ix": 5
              },
              "o": {
                "a": 0,
                "k": 100,
                "ix": 7
              }
            }
          ]
        },
        {
          "ty": "gr",
          "bm": 0,
          "hd": false,
          "mn": "ADBE Vector Group",
          "nm": "Ellipse 4",
          "ix": 2,
          "cix": 2,
          "np": 3,
          "it": [
            {
              "ty": "el",
              "bm": 0,
              "hd": false,
              "mn": "ADBE Vector Shape - Ellipse",
              "nm": "Ellipse Path 1",
              "d": 1,
              "p": {
                "a": 0,
                "k": [
                  0,
                  0
                ],
                "ix": 3
              },
              "s": {
                "a": 0,
                "k": [
                  654,
                  654
                ],
                "ix": 2
              }
            },
            {
              "ty": "fl",
              "bm": 0,
              "hd": false,
              "mn": "ADBE Vector Graphic - Fill",
              "nm": "Fill 1",
              "c": {
                "a": 0,
                "k": [
                  1,
                  0.851,
                  0.0078
                ],
                "ix": 4
              },
              "r": 1,
              "o": {
                "a": 0,
                "k": 100,
                "ix": 5
              }
            },
            {
              "ty": "tr",
              "a": {
                "a": 0,
                "k": [
                  0,
                  0
                ],
                "ix": 1
              },
              "s": {
                "a": 0,
                "k": [
                  143,
                  143
                ],
                "ix": 3
              },
              "sk": {
                "a": 0,
                "k": 0,
                "ix": 4
              },
              "p": {
                "a": 0,
                "k": [
                  19,
                  -13
                ],
                "ix": 2
              },
              "r": {
                "a": 0,
                "k": 3,
                "ix": 6
              },
              "sa": {
                "a": 0,
                "k": 0,
                "ix": 5
              },
              "o": {
                "a": 0,
                "k": 100,
                "ix": 7
              }
            }
          ]
        }
      ],
      "ind": 1
    },
    {
      "ty": 4,
      "nm": "Shape Layer 4",
      "sr": 1,
      "st": 0,
      "op": 60,
      "ip": 0,
      "hd": false,
      "ddd": 0,
      "bm": 0,
      "hasMask": false,
      "ao": 0,
      "ks": {
        "a": {
          "a": 0,
          "k": [
            20,
            8,
            0
          ],
          "ix": 1
        },
        "s": {
          "a": 1,
          "k": [
            {
              "o": {
                "x": 0.167,
                "y": 0.167
              },
              "i": {
                "x": 0.833,
                "y": 0.833
              },
              "s": [
                92,
                92,
                100
              ],
              "t": 0
            },
            {
              "s": [
                105,
                105,
                100
              ],
              "t": 60
            }
          ],
          "ix": 6
        },
        "sk": {
          "a": 0,
          "k": 0
        },
        "p": {
          "a": 0,
          "k": [
            540,
            540,
            0
          ],
          "ix": 2
        },
        "r": {
          "a": 0,
          "k": 0,
          "ix": 10
        },
        "sa": {
          "a": 0,
          "k": 0
        },
        "o": {
          "a": 1,
          "k": [
            {
              "o": {
                "x": 0.167,
                "y": 0.167
              },
              "i": {
                "x": 0.833,
                "y": 0.833
              },
              "s": [
                38
              ],
              "t": 0
            },
            {
              "s": [
                0
              ],
              "t": 60
            }
          ],
          "ix": 11
        }
      },
      "ef": [],
      "shapes": [
        {
          "ty": "gr",
          "bm": 0,
          "hd": false,
          "mn": "ADBE Vector Group",
          "nm": "Ellipse 1",
          "ix": 1,
          "cix": 2,
          "np": 3,
          "it": [
            {
              "ty": "el",
              "bm": 0,
              "hd": false,
              "mn": "ADBE Vector Shape - Ellipse",
              "nm": "Ellipse Path 1",
              "d": 1,
              "p": {
                "a": 0,
                "k": [
                  0,
                  0
                ],
                "ix": 3
              },
              "s": {
                "a": 0,
                "k": [
                  1008,
                  1008
                ],
                "ix": 2
              }
            },
            {
              "ty": "st",
              "bm": 0,
              "hd": false,
              "mn": "ADBE Vector Graphic - Stroke",
              "nm": "Stroke 1",
              "lc": 1,
              "lj": 1,
              "ml": 4,
              "o": {
                "a": 0,
                "k": 100,
                "ix": 4
              },
              "w": {
                "a": 0,
                "k": 0,
                "ix": 5
              },
              "c": {
                "a": 0,
                "k": [
                  1,
                  1,
                  1
                ],
                "ix": 3
              }
            },
            {
              "ty": "fl",
              "bm": 0,
              "hd": false,
              "mn": "ADBE Vector Graphic - Fill",
              "nm": "Fill 1",
              "c": {
                "a": 0,
                "k": [
                  1,
                  0.851,
                  0.0078
                ],
                "ix": 4
              },
              "r": 1,
              "o": {
                "a": 0,
                "k": 100,
                "ix": 5
              }
            },
            {
              "ty": "tr",
              "a": {
                "a": 0,
                "k": [
                  0,
                  0
                ],
                "ix": 1
              },
              "s": {
                "a": 0,
                "k": [
                  100,
                  100
                ],
                "ix": 3
              },
              "sk": {
                "a": 0,
                "k": 0,
                "ix": 4
              },
              "p": {
                "a": 0,
                "k": [
                  20,
                  8
                ],
                "ix": 2
              },
              "r": {
                "a": 0,
                "k": 0,
                "ix": 6
              },
              "sa": {
                "a": 0,
                "k": 0,
                "ix": 5
              },
              "o": {
                "a": 0,
                "k": 100,
                "ix": 7
              }
            }
          ]
        }
      ],
      "ind": 2
    },
    {
      "ty": 4,
      "nm": "Shape Layer 5",
      "sr": 1,
      "st": 92,
      "op": 152,
      "ip": 92,
      "hd": false,
      "ddd": 0,
      "bm": 0,
      "hasMask": false,
      "ao": 0,
      "ks": {
        "a": {
          "a": 0,
          "k": [
            20,
            8,
            0
          ],
          "ix": 1
        },
        "s": {
          "a": 1,
          "k": [
            {
              "o": {
                "x": 0.167,
                "y": 0.167
              },
              "i": {
                "x": 0.833,
                "y": 0.833
              },
              "s": [
                92,
                92,
                100
              ],
              "t": 92
            },
            {
              "s": [
                105,
                105,
                100
              ],
              "t": 152
            }
          ],
          "ix": 6
        },
        "sk": {
          "a": 0,
          "k": 0
        },
        "p": {
          "a": 0,
          "k": [
            540,
            540,
            0
          ],
          "ix": 2
        },
        "r": {
          "a": 0,
          "k": 0,
          "ix": 10
        },
        "sa": {
          "a": 0,
          "k": 0
        },
        "o": {
          "a": 1,
          "k": [
            {
              "o": {
                "x": 0.167,
                "y": 0.167
              },
              "i": {
                "x": 0.833,
                "y": 0.833
              },
              "s": [
                38
              ],
              "t": 92
            },
            {
              "s": [
                0
              ],
              "t": 152
            }
          ],
          "ix": 11
        }
      },
      "ef": [],
      "shapes": [
        {
          "ty": "gr",
          "bm": 0,
          "hd": false,
          "mn": "ADBE Vector Group",
          "nm": "Ellipse 1",
          "ix": 1,
          "cix": 2,
          "np": 3,
          "it": [
            {
              "ty": "el",
              "bm": 0,
              "hd": false,
              "mn": "ADBE Vector Shape - Ellipse",
              "nm": "Ellipse Path 1",
              "d": 1,
              "p": {
                "a": 0,
                "k": [
                  0,
                  0
                ],
                "ix": 3
              },
              "s": {
                "a": 0,
                "k": [
                  1008,
                  1008
                ],
                "ix": 2
              }
            },
            {
              "ty": "st",
              "bm": 0,
              "hd": false,
              "mn": "ADBE Vector Graphic - Stroke",
              "nm": "Stroke 1",
              "lc": 1,
              "lj": 1,
              "ml": 4,
              "o": {
                "a": 0,
                "k": 100,
                "ix": 4
              },
              "w": {
                "a": 0,
                "k": 0,
                "ix": 5
              },
              "c": {
                "a": 0,
                "k": [
                  1,
                  1,
                  1
                ],
                "ix": 3
              }
            },
            {
              "ty": "fl",
              "bm": 0,
              "hd": false,
              "mn": "ADBE Vector Graphic - Fill",
              "nm": "Fill 1",
              "c": {
                "a": 0,
                "k": [
                  1,
                  0.851,
                  0.0078
                ],
                "ix": 4
              },
              "r": 1,
              "o": {
                "a": 0,
                "k": 100,
                "ix": 5
              }
            },
            {
              "ty": "tr",
              "a": {
                "a": 0,
                "k": [
                  0,
                  0
                ],
                "ix": 1
              },
              "s": {
                "a": 0,
                "k": [
                  100,
                  100
                ],
                "ix": 3
              },
              "sk": {
                "a": 0,
                "k": 0,
                "ix": 4
              },
              "p": {
                "a": 0,
                "k": [
                  20,
                  8
                ],
                "ix": 2
              },
              "r": {
                "a": 0,
                "k": 0,
                "ix": 6
              },
              "sa": {
                "a": 0,
                "k": 0,
                "ix": 5
              },
              "o": {
                "a": 0,
                "k": 100,
                "ix": 7
              }
            }
          ]
        }
      ],
      "ind": 3
    }
  ],
  "v": "4.8.0",
  "fr": 60,
  "op": 184,
  "ip": 0,
  "assets": []
}